{
    "$schema": "https://schema.management.azure.com/schemas/2015-01-01/deploymentTemplate.json#",
    "contentVersion": "1.0.0.0",
    "parameters": {
        "VmImageVhdUri": {
            "type": "string",
            "metadata": {
                "description": "URI of the sysprepped image vhd file to be used to create the session host VMs. For example, https://rdsstorage.blob.core.windows.net/vhds/sessionhostimage.vhd"
            }
        },
        "storageAccountResourceGroupName": {
            "type": "string",
            "metadata": {
                "description": "The storage account containing the custom VHD."
            }
        },
        "rdshGalleryImageSKU": {
            "type": "string",
            "metadata": {
                "description": "Gallery image SKU."
            }
        },
        "rdshPrefix": {
            "type": "string",
            "metadata": {
                "description": "This prefix will be used in combination with the VM number to create the VM name. This value includes the dash, so if using “rdsh” as the prefix, VMs would be named “rdsh-0”, “rdsh-1”, etc. You should use a unique prefix to reduce name collisions in Active Directory."
            },
            "defaultValue": "[take(toLower(resourceGroup().name),10)]"
        },
        "rdshNumberOfInstances": {
            "type": "int",
            "metadata": {
                "description": "Number of session hosts that will be created and added to the hostpool."
            }
        },
        "rdshVMDiskType": {
            "type": "string",
            "allowedValues": [
                "SSD",
                "HDD"
            ],
            "metadata": {
                "description": "The VM disk type for the VM: HDD or SSD."
            },
            "defaultValue": "SSD"
        },
        "rdshVmSize": {
            "type": "string",
            "metadata": {
                "description": "The size of the session host VMs."
            },
            "defaultValue": "Standard_A2"
        },
        "enableAcceleratedNetworking": {
            "type": "bool",
            "metadata": {
                "description": "Enables Accelerated Networking feature, notice that VM size must support it, this is supported in most of general purpose and compute-optimized instances with 2 or more vCPUs, on instances that supports hyperthreading it is required minimum of 4 vCPUs."
            },
            "defaultValue": false
        },
        "existingDomainusername": {
            "type": "string",
            "metadata": {
                "description": "The username for the admin."
            }
        },
        "existingDomainPassword": {
            "type": "securestring",
            "metadata": {
                "description": "The password that corresponds to the existing domain username."
            }
        },
        "vhds": {
            "type": "string",
            "metadata": {
                "description": "The URL to store unmanaged disks."
            }
        },
        "subnet-id": {
            "type": "string",
            "metadata": {
                "description": "The unique id of the subnet for the nics."
            }
        },
        "rdshImageSourceResourceGroup": {
            "type": "string",
            "defaultValue": "",
            "metadata": {
                "description": "Resource group name for the managed disk, if you choose to provide one."
            }
        },
        "rdshImageSourceName": {
            "type": "string",
            "defaultValue": "",
            "metadata": {
                "description": "Name of the managed disk."
            }
        },
        "location": {
            "type": "string",
            "defaultValue": "",
            "metadata": {
                "description": "Location for all resources to be created in."
            }
        }
    },
    "variables": {
        "imageResourceId": "[resourceId(parameters('rdshImageSourceResourceGroup'), 'Microsoft.Compute/images', parameters('rdshImageSourceName'))]"
    },
    "resources": [
        {
            "apiVersion": "2018-11-01",
            "type": "Microsoft.Network/networkInterfaces",
            "name": "[concat(parameters('rdshPrefix'), copyindex(), '-nic')]",
            "location": "[parameters('location')]",
            "copy": {
                "name": "rdsh-nic-loop",
                "count": "[parameters('rdshNumberOfInstances')]"
            },
            "properties": {
                "ipConfigurations": [
                    {
                        "name": "ipconfig",
                        "properties": {
                            "privateIPAllocationMethod": "Dynamic",
                            "subnet": {
                                "id": "[parameters('subnet-id')]"
                            }
                        }
                    }
                ],
                "enableAcceleratedNetworking": "[parameters('enableAcceleratedNetworking')]"
            }
        },
        {
            "apiVersion": "2018-10-01",
            "type": "Microsoft.Compute/virtualMachines",
            "name": "[concat(parameters('rdshPrefix'), copyindex())]",
            "location": "[parameters('location')]",
            "copy": {
                "name": "rdsh-vm-loop",
                "count": "[parameters('rdshNumberOfInstances')]"
            },
            "dependsOn": [
                "[concat('Microsoft.Network/networkInterfaces/', parameters('rdshPrefix'), copyindex(), '-nic')]"
            ],
            "properties": {
                "hardwareProfile": {
                    "vmSize": "[parameters('rdshVmSize')]"
                },
                "availabilitySet": {
                    "id": "[resourceId('Microsoft.Compute/availabilitySets/', concat(parameters('rdshPrefix'), 'availabilitySet'))]"
                },
                "osProfile": {
                    "computerName": "[concat(parameters('rdshPrefix'), copyindex())]",
                    "adminUsername": "[parameters('existingDomainUsername')]",
                    "adminPassword": "[parameters('existingDomainPassword')]"
                },
                "storageProfile": {
                    "imageReference": {
                        "id": "[variables('imageResourceId')]"
                    }
                },
                "networkProfile": {
                    "networkInterfaces": [
                        {
                            "id": "[resourceId('Microsoft.Network/networkInterfaces',concat(parameters('rdshPrefix'), copyindex(), '-nic'))]"
                        }
                    ]
                },
                "diagnosticsProfile": {
                    "bootDiagnostics": {
                        "enabled": false
                    }
                },
                "licenseType": "Windows_Client"
            }
        }
    ],
    "outputs": {}
}
