﻿{
    "$schema": "https://schema.management.azure.com/schemas/2015-01-01/deploymentTemplate.json#",
    "contentVersion": "1.0.0.0",
    "parameters": {
        "rdBrokerURL": {
            "defaultValue": "https://rdbroker.wvd.microsoft.com",
            "type": "string",
            "metadata": {
                "description": "The Broker URL of the Windows Virtual Desktop deployment the session hosts will be connected to."
            }
        },
        "existingTenantGroupName": {
            "defaultValue": "Default Tenant Group",
            "type": "string",
            "metadata": {
                "description": "The name of the tenant group in the Windows Virtual Desktop deployment"
            }
        },
        "existingTenantName": {
            "type": "string",
            "metadata": {
                "description": "The name of the tenant in the Windows Virtual Desktop deployment."
            }
        },
        "existingHostpoolName": {
            "type": "string",
            "metadata": {
                "description": "The name of the hostpool to be in the RDS Tenant."
            }
        },
        "actionOnPreviousVirtualMachines": {
            "defaultValue": "Delete",
            "allowedValues": [
                "Deallocate",
                "Delete"
            ],
            "type": "string",
            "metadata": {
                "description": "Action to be taken on the old Azure VM resources. If delete is selected, the associated network interfaces and vhd files in Azure blob storage will also be deleted."
            }
        },
        "userLogoffDelayInMinutes": {
            "type": "int",
            "metadata": {
                "description": "Delay before users are automatically logged off from the current VMs in the hostpool."
            }
        },
        "userNotificationMessege": {
            "defaultValue": "Scheduled maintenance, please save your work and logoff as soon as possible",
            "type": "string",
            "metadata": {
                "description": "Message that will be displayed to the user notifying them of the automatic logoff."
            }
        },
        "tenantAdminUpnOrApplicationId": {
            "type": "string",
            "metadata": {
                "description": "The template will fail if you enter a user account that requires MFA or an application that is secured by a certificate. The UPN or ApplicationId must be an RDS Owner in the WVD Tenant to create the hostpool or an RDS Owner of the host pool to provision the host pool with additional VMs."
            }
        },
        "tenantAdminPassword": {
            "type": "securestring",
            "metadata": {
                "description": "The password that corresponds to the tenant admin UPN."
            }
        },
        "isServicePrincipal": {
            "defaultValue": false,
            "type": "bool",
            "metadata": {
                "description": "The boolean value indicating if the credentials are for a service principal."
            }
        },
        "aadTenantId": {
            "defaultValue": "",
            "type": "string",
            "metadata": {
                "description": "(Required when isServicePrincipal = True) This value identifies the Azure AD tenant of the service principal."
            }
        },
        "rdshImageSource": {
            "defaultValue": "Gallery",
            "allowedValues": [
                "CustomVHD",
                "CustomImage",
                "Gallery"
            ],
            "type": "string",
            "metadata": {
                "description": "Select the image source for the session host vms. VMs from a Gallery image will be created with Managed Disks."
            }
        },
        "vmImageVhdUri": {
            "defaultValue": "",
            "type": "string",
            "metadata": {
                "description": "(Required when rdshImageSource = CustomVHD) URI of the sysprepped image vhd file to be used to create the session host VMs. For example, https://rdsstorage.blob.core.windows.net/vhds/sessionhostimage.vhd"
            }
        },
        "rdshGalleryImageSKU": {
            "defaultValue": "Windows-10-Enterprise-multi-session",
            "allowedValues": [
                "Windows-10-Enterprise-multi-session",
                "2016-Datacenter"
            ],
            "type": "string",
            "metadata": {
                "description": "(Required when rdshImageSource = Gallery) Gallery image SKU."
            }
        },
        "rdshCustomImageSourceName": {
            "defaultValue": "",
            "type": "string",
            "metadata": {
                "description": "(Required when rdshImageSource = CustomImage) Name of the managed disk."
            }
        },
        "rdshCustomImageSourceResourceGroup": {
            "defaultValue": "",
            "type": "string",
            "metadata": {
                "description": "(Required when rdshImageSource = CustomImage) Resource group name for the managed disk, if you choose to provide one."
            }
        },
        "rdshNamePrefix": {
            "defaultValue": "[take(toLower(resourceGroup().name),10)]",
            "type": "string",
            "metadata": {
                "description": "This prefix will be used in combination with the VM number to create the VM name. If using “rdsh” as the prefix, VMs would be named “rdsh-0”, “rdsh-1”, etc. You should use a unique prefix to reduce name collisions in Active Directory."
            }
        },
        "rdshNumberOfInstances": {
            "type": "int",
            "metadata": {
                "description": "Number of session hosts that will be created and added to the hostpool."
            }
        },
        "rdshVMDiskType": {
            "defaultValue": "SSD",
            "allowedValues": [
                "SSD",
                "HDD"
            ],
            "type": "string",
            "metadata": {
                "description": "The VM disk type for the VM: HDD or SSD."
            }
        },
        "rdshVmSize": {
            "defaultValue": "Standard_D2s_v3",
            "type": "string",
            "metadata": {
                "description": "The size of the session host VMs."
            }
        },
        "rdshUseManagedDisks": {
            "defaultValue": true,
            "type": "bool",
            "metadata": {
                "description": "True indicating you would like to use managed disks or false indicating you would like to use unmanaged disks."
            }
        },
        "storageAccountResourceGroupName": {
            "defaultValue": "",
            "type": "string",
            "metadata": {
                "description": "(Required when rdshUseManagedDisks = False) The resource group containing the storage account of the image vhd file."
            }
        },
        "storageAccountName": {
            "type": "string",
            "metadata": {
                "description": "(Required when rdshImageSource = Gallery and RdshUseManagedDisks = False) The name of the storage account to store the unmanaged disks from an Azure Gallery image. If you decide to use unmanaged disks from a custom vhd, the disks will be stored in the same storage account as the image."
            },
            "defaultValue": ""
        },
        "domainToJoin": {
            "defaultValue": "contoso.com",
            "type": "string",
            "metadata": {
                "description": "FQDN of the AD domain controller to which sesion host VMs are going to be joined. For example, “contoso.com”."
            }
        },
        "existingDomainUPN": {
            "type": "string",
            "metadata": {
                "description": "A username in the domain that has privileges to join the session hosts to the domain. For example, “user1@contoso.com”."
            }
        },
        "existingDomainPassword": {
            "type": "securestring",
            "metadata": {
                "description": "The password that corresponds to the existing domain username."
            }
        },
        "existingVnetName": {
            "type": "string",
            "metadata": {
                "description": "The name of the virtual network the VMs will be connected to."
            }
        },
        "existingSubnetName": {
            "type": "string",
            "metadata": {
                "description": "The subnet the VMs will be placed in."
            }
        },
        "virtualNetworkResourceGroupName": {
            "type": "string",
            "metadata": {
                "description": "The resource group containing the existing virtual network."
            }
        },
        "ouPath": {
            "defaultValue": "",
            "type": "string",
            "metadata": {
                "description": "Specifies an organizational unit (OU) for the domain account. Example: OU=testOU;DC=domain;DC=Domain;DC=com"
            }
        },
        "_artifactsLocation": {
            "defaultValue": "https://raw.githubusercontent.com/Azure/RDS-Templates/staging/wvd-templates/Update%20existing%20WVD%20host%20pool",
            "type": "string",
            "metadata": {
                "description": "The base URI where artifacts required by this template are located."
            }
        },
        "_artifactsLocationSasToken": {
            "defaultValue": "",
            "type": "securestring",
            "metadata": {
                "description": "The sasToken required to access _artifactsLocation when they're located in a storage account with private access."
            }
        },
        "location": {
            "type": "string",
            "defaultValue": "[resourceGroup().location]",
            "metadata": {
                "description": "(Required for Azure Marketplace.) Leave as is, unless you would like to not use a location that is different from the location of the resouce group."
            }
        }
    },
    "variables": {
        "rdshManagedDisks": "[if(or(equals(parameters('rdshImageSource'), 'CustomVHD'),equals(parameters('rdshImageSource'),'Gallery')), parameters('rdshUseManagedDisks'), bool('true'))]",
        "rdshPrefix": "[concat(parameters('rdshNamePrefix'),'-')]",
        "messageTitle": "Request for Logoff",
        "RegistrationExpirationHours": "48",
        "subscriptionId": "[subscription().subscriptionId]",
        "avSetSKU": "[if(variables('rdshManagedDisks'), 'Aligned', 'Classic')]",
        "existingDomainUsername": "[first(split(parameters('existingDomainUPN'), '@'))]",
        "vhds": "[concat('vhds','/', variables('rdshPrefix'))]",
        "subnet-id": "[concat(resourceId(parameters('virtualNetworkResourceGroupName'),'Microsoft.Network/virtualNetworks',parameters('existingVnetName')),'/subnets/',parameters('existingSubnetName'))]",
        "vmTemplateName": "[concat( if(variables('rdshManagedDisks'), 'managedDisks', 'unmanagedDisks'), '-', toLower(replace(parameters('rdshImageSource'),' ', '')), 'vm')]",
        "vmTemplateUri": "[concat(parameters('_artifactsLocation'),'/nestedtemplates/',variables('vmTemplateName'),'.json')]"
        
    },
    "resources": [
        {
            "type": "Microsoft.Compute/availabilitySets",
            "sku": {
                "name": "[variables('avSetSKU')]"
            },
            "name": "[concat(variables('rdshPrefix'), 'availabilitySet')]",
            "apiVersion": "2016-04-30-preview",
            "location": "[resourceGroup().location]",
            "properties": {
                "platformUpdateDomainCount": 5,
                "platformFaultDomainCount": 2
            }
        },
        {
            "type": "Microsoft.Resources/deployments",
            "name": "vmCreation-linkedTemplate",
            "apiVersion": "2017-05-10",
            "properties": {
                "mode": "Incremental",
                "templateLink": {
                    "uri": "[variables('vmTemplateUri')]",
                    "contentVersion": "1.0.0.0"
                },
                "parameters": {
                    "vmImageVhdUri": {
                        "value": "[parameters('vmImageVhdUri')]"
                    },
                    "storageAccountResourceGroupName": {
                        "value": "[parameters('storageAccountResourceGroupName')]"
                    },
                    "rdshGalleryImageSKU": {
                        "value": "[parameters('rdshGalleryImageSKU')]"
                    },
                    "rdshPrefix": {
                        "value": "[variables('rdshPrefix')]"
                    },
                    "rdshCustomImageSourceName": {
                        "value": "[Parameters('rdshCustomImageSourceName')]"
                    },
                    "rdshCustomImageSourceResourceGroup": {
                        "value": "[parameters('rdshCustomImageSourceResourceGroup')]"
                    },
                    "rdshNumberOfInstances": {
                        "value": "[parameters('rdshNumberOfInstances')]"
                    },
                    "rdshVMDiskType": {
                        "value": "[parameters('rdshVMDiskType')]"
                    },
                    "rdshVmSize": {
                        "value": "[parameters('rdshVmSize')]"
                    },
                    "existingDomainusername": {
                        "value": "[variables('existingDomainUsername')]"
                    },
                    "existingDomainPassword": {
                        "value": "[parameters('existingDomainPassword')]"
                    },
                    "subnet-id": {
                        "value": "[variables('subnet-id')]"
                    },
                    "storageAccountName": {
                        "value": "[parameters('storageAccountName')]"
                    },
                    "vhds": {
                        "value": "[variables('vhds')]"
                    }
                }
            },
            "dependsOn": [
                "[concat('Microsoft.Compute/availabilitySets/', variables('rdshPrefix'), 'availabilitySet')]"
            ]
        },
        {
            "type": "Microsoft.Compute/virtualMachines/extensions",
            "name": "[concat(variables('rdshPrefix'), copyindex(),'/', 'joindomain')]",
            "apiVersion": "2015-06-15",
            "location": "[resourceGroup().location]",
            "copy": {
                "name": "rdsh-domain-join-loop",
                "count": "[parameters('rdshNumberOfInstances')]"
            },
            "properties": {
                "publisher": "Microsoft.Compute",
                "type": "JsonADDomainExtension",
                "typeHandlerVersion": "1.3",
                "autoUpgradeMinorVersion": true,
                "settings": {
                    "name": "[parameters('domainToJoin')]",
                    "ouPath": "[parameters('ouPath')]",
                    "user": "[concat(parameters('domainToJoin'),'\\', variables('existingDomainUsername'))]",
                    "restart": "true",
                    "options": "3"
                },
                "protectedSettings": {
                    "password": "[parameters('existingDomainPassword')]"
                }
            },
            "dependsOn": [
                "vmCreation-linkedTemplate"
            ]
        },
        {
            "apiVersion": "2018-10-01",
            "type": "Microsoft.Compute/virtualMachines/extensions",
            "name": "[concat(variables('rdshPrefix'), '0/', 'dscextension')]",
            "location": "[parameters('location')]",
            "dependsOn": [
                "rdsh-domain-join-loop"
            ],
            "properties": {
                "publisher": "Microsoft.Powershell",
                "type": "DSC",
                "typeHandlerVersion": "2.73",
                "autoUpgradeMinorVersion": true,
                "settings": {
                    "modulesUrl": "[concat(parameters('_artifactsLocation'),'/DSC/Configuration.zip',parameters('_artifactsLocationSasToken'))]",
                    "configurationFunction": "Configuration.ps1\\FirstSessionHost",
                    "properties": {
                        "TenantAdminCredentials": {
                            "userName": "[parameters('tenantAdminUpnOrApplicationId')]",
                            "password": "PrivateSettingsRef:tenantAdminPassword"
                        },
                        "ADAdminCredentials": {
                            "userName": "[parameters('existingDomainUPN')]",
                            "password": "PrivateSettingsRef:adAdminPassword"
                        },
                        "RDBrokerURL": "[parameters('rdBrokerURL')]",
                        "DefinedTenantGroupName": "[parameters('existingTenantGroupName')]",
                        "TenantName": "[parameters('existingTenantName')]",
                        "HostPoolName": "[parameters('existingHostpoolName')]",
                        "Hours": "[variables('registrationExpirationHours')]",
                        "isServicePrincipal": "[parameters('isServicePrincipal')]",
                        "AadTenantId": "[parameters('aadTenantId')]",
                        "SubscriptionId": "[variables('subscriptionId')]",
                        "deleteordeallocateVMs":"[parameters('ActionOnPreviousVirtualMachines')]",
                        "messageTitle": "[variables('messageTitle')]",
                        "userNotificationMessege": "[parameters('userNotificationMessege')]",
                        "userLogoffDelayInMinutes": "[parameters('userLogoffDelayInMinutes')]"
                        }
                },
                "ProtectedSettings": {
                    "items": {
                        "tenantAdminPassword": "[parameters('tenantAdminPassword')]",
                        "adAdminPassword": "[parameters('existingDomainPassword')]"
                    }
                }
            }
        },
        {
            "type": "Microsoft.Compute/virtualMachines/extensions",
            "name": "[concat(variables('rdshPrefix'), copyindex(),'/', 'dscextension')]",
            "apiVersion": "2015-06-15",
            "location": "[resourceGroup().location]",
            "copy": {
                "name": "rdsh-dsc-loop",
                "count": "[parameters('rdshNumberOfInstances')]"
            },
            "properties": {
                "publisher": "Microsoft.Powershell",
                "type": "DSC",
                "typeHandlerVersion": "2.73",
                "autoUpgradeMinorVersion": true,
                "settings": {
                    "modulesUrl": "[concat(parameters('_artifactsLocation'),'/DSC/Configuration.zip',parameters('_artifactsLocationSasToken'))]",
                    "configurationFunction": "Configuration.ps1\\SessionHost",
                    "properties": {
                        "TenantAdminCredentials": {
                            "userName": "[parameters('tenantAdminUpnOrApplicationId')]",
                            "password": "PrivateSettingsRef:tenantAdminPassword"
                        },
                        "ADAdminCredentials": {
                            "userName": "[parameters('existingDomainUPN')]",
                            "password": "PrivateSettingsRef:adAdminPassword"
                        },
                        "RDBrokerURL": "[parameters('rdBrokerURL')]",
                        "DefinedTenantGroupName": "[parameters('existingTenantGroupName')]",
                        "TenantName": "[parameters('existingTenantName')]",
                        "HostPoolName": "[parameters('ExistingHostPoolName')]",
                        "Hours": "[variables('RegistrationExpirationHours')]",
                        "isServicePrincipal": "[parameters('isServicePrincipal')]",
                        "AadTenantId": "[parameters('aadTenantId')]"
                    }
                },
                "ProtectedSettings": {
                    "items": {
                        "tenantAdminPassword": "[parameters('tenantAdminPassword')]",
                        "adAdminPassword": "[parameters('existingDomainPassword')]"
                    }
                }
            },
            "dependsOn": [
                "rdsh-domain-join-loop",
                "[concat('Microsoft.Compute/virtualMachines/', concat(variables('rdshPrefix'), '0','/extensions/removevms'))]"
            ]
        }
    ]
}